"name_cancensus","share_wl","longitude","latitude","share_wl_pct","exposed","exposure_label"
"Corner Brook",0,-57.7449051527685,48.9845394953337,0,0,"Non-exposed"
"Grand Falls-Windsor",0,-55.6611442656418,48.9579414648335,0,0,"Non-exposed"
"St. John's",0,-52.8593772768907,47.4997592783331,0,0,"Non-exposed"
"Charlottetown",0.00160771704180064,-63.1380958689792,46.3191201033188,0.16,1,"Exposed"
"Summerside",0,-63.8523254730127,46.4432987951296,0,0,"Non-exposed"
"Cape Breton",0,-60.2644289676435,46.0108769441961,0,0,"Non-exposed"
"Halifax",0.00160771704180064,-63.2810681545185,44.9241041378448,0.16,1,"Exposed"
"Kentville",0,-64.486149292288,45.088037333851,0,0,"Non-exposed"
"New Glasgow",0,-62.5133961323414,45.4900050343556,0,0,"Non-exposed"
"Truro",0,-63.1938229837893,45.3910663739776,0,0,"Non-exposed"
"Bathurst",0,-65.8064760399089,47.5432173417129,0,0,"Non-exposed"
"Edmundston",0,-68.1727192768537,47.5112216990011,0,0,"Non-exposed"
"Fredericton",0,-66.7758993453874,46.0184986331791,0,0,"Non-exposed"
"Miramichi",0,-66.1398575286168,47.1126703772611,0,0,"Non-exposed"
"Moncton",0,-64.8581226740696,46.0143065028151,0,0,"Non-exposed"
"Saint John",0,-66.0091257283064,45.4052652390842,0,0,"Non-exposed"
"Alma",0,-71.6775926497689,48.5920759245463,0,0,"Non-exposed"
"Baie-Comeau",0,-68.3271592021637,49.200297595177,0,0,"Non-exposed"
"Cowansville",0,-72.7653939121271,45.2070482229095,0,0,"Non-exposed"
"Dolbeau-Mistassini",0,-72.1427119648326,48.8885083450985,0,0,"Non-exposed"
"Drummondville",0,-72.4614386535841,45.8664870693672,0,0,"Non-exposed"
"Granby",0,-72.7405849469557,45.3909090847757,0,0,"Non-exposed"
"Joliette",0,-73.4302850235585,46.0009059641056,0,0,"Non-exposed"
"Lachute",0,-74.2962789496262,45.6666945332365,0,0,"Non-exposed"
"Matane",0,-67.4249782025858,48.773373405821,0,0,"Non-exposed"
"Montréal",0,-73.7055245632815,45.5772063639908,0,0,"Non-exposed"
"Québec",0,-71.3410425801895,46.912149158972,0,0,"Non-exposed"
"Rivière-du-Loup",0,-69.4432113717279,47.8082262780291,0,0,"Non-exposed"
"Rouyn-Noranda",0,-78.8671430109027,48.1329998034317,0,0,"Non-exposed"
"Saint-Georges",0,-70.6416004582793,46.1027259558078,0,0,"Non-exposed"
"Saint-Hyacinthe",0,-72.9098753560866,45.621068380348,0,0,"Non-exposed"
"Sainte-Marie",0,-71.0037590492082,46.4424367345046,0,0,"Non-exposed"
"Saguenay",0,-71.0041562135074,48.4203229608352,0,0,"Non-exposed"
"Salaberry-de-Valleyfield",0,-74.0600432976221,45.2648939603587,0,0,"Non-exposed"
"Sept-Îles",0,-66.0437524628065,50.3423395978717,0,0,"Non-exposed"
"Shawinigan",0,-72.880863169561,46.7117221816119,0,0,"Non-exposed"
"Sherbrooke",0,-71.9430972246322,45.3904320407984,0,0,"Non-exposed"
"Sorel-Tracy",0,-73.0786928083827,45.998345165898,0,0,"Non-exposed"
"Thetford Mines",0,-71.3190144748943,46.0715623125389,0,0,"Non-exposed"
"Trois-Rivières",0,-72.5023585861509,46.3603077045496,0,0,"Non-exposed"
"Val-d'Or",0,-77.6615867121907,47.9785330200378,0,0,"Non-exposed"
"Victoriaville",0,-71.9336412747453,46.029508482118,0,0,"Non-exposed"
"Barrie",0,-79.7510919562559,44.4111268007493,0,0,"Non-exposed"
"Brantford",0.00160771704180064,-80.3078559749004,43.1255675992807,0.16,1,"Exposed"
"Brockville",0,-75.8613738903124,44.698910301993,0,0,"Non-exposed"
"Centre Wellington",0,-80.3870089339229,43.7155530052079,0,0,"Non-exposed"
"Chatham-Kent",0.00321543408360129,-82.1316582087691,42.4236757202562,0.32,1,"Exposed"
"Collingwood",0,-80.235597196036,44.4980503497224,0,0,"Non-exposed"
"Cornwall",0,-74.9149717063861,45.070688837167,0,0,"Non-exposed"
"Elliot Lake",0,-82.6314159406603,46.402510241764,0,0,"Non-exposed"
"Greater Sudbury",0,-80.9491699965242,46.5447837141219,0,0,"Non-exposed"
"Guelph",0,-80.2194605836071,43.5441076409379,0,0,"Non-exposed"
"Hamilton",0.00160771704180064,-79.9255685996544,43.2661250473775,0.16,1,"Exposed"
"Kawartha Lakes",0,-78.8177278219772,44.5181812213019,0,0,"Non-exposed"
"Kenora",0,-94.4400276544153,49.8196928376972,0,0,"Non-exposed"
"Kingston",0,-76.5420536175151,44.3888477158807,0,0,"Non-exposed"
"Kitchener - Cambridge - Waterloo",0.00160771704180064,-80.49081572336,43.4418498763718,0.16,1,"Exposed"
"Leamington",0.00321543408360129,-82.5997,42.0534,0.32,1,"Exposed"
"London",0.00160771704180064,-81.3296225654374,42.9332321951907,0.16,1,"Exposed"
"Norfolk",0,-80.44039176985,42.8012820511693,0,0,"Non-exposed"
"North Bay",0,-79.4380414881095,46.5121653254044,0,0,"Non-exposed"
"Orillia",0,-79.4278252469821,44.6023875341922,0,0,"Non-exposed"
"Oshawa",0,-78.7417640533913,43.9668288800206,0,0,"Non-exposed"
"Ottawa - Gatineau",0,-75.7875589821525,45.4487140210268,0,0,"Non-exposed"
"Owen Sound",0,-81.0157854039743,44.6356447825847,0,0,"Non-exposed"
"Pembroke",0,-77.2427765065795,45.7463303152389,0,0,"Non-exposed"
"Petawawa",0.00160771704180064,-77.3166470758357,45.8885661601215,0.16,1,"Exposed"
"Peterborough",0,-78.2675786725109,44.3407588901471,0,0,"Non-exposed"
"Port Hope",0,-78.3889468610294,44.0150814200993,0,0,"Non-exposed"
"St. Catharines - Niagara",0.00482315112540193,-79.2328232011486,43.035203868638,0.48,1,"Exposed"
"Sarnia",0.00643086816720257,-82.2817004944382,42.870772530308,0.64,1,"Exposed"
"Sault Ste. Marie",0,-84.1720792090227,46.5277557239333,0,0,"Non-exposed"
"Stratford",0,-80.9850948689379,43.3689047207708,0,0,"Non-exposed"
"Thunder Bay",0.00321543408360129,-89.3512273493782,48.3696615816261,0.32,1,"Exposed"
"Tillsonburg",0,-80.7326654762062,42.8590309474398,0,0,"Non-exposed"
"Timmins",0,-81.2925403421936,48.4896633638929,0,0,"Non-exposed"
"Toronto",0.00643086816720257,-79.5920032097218,43.8790706864447,0.64,1,"Exposed"
"Windsor",0,-82.7814585468019,42.1633267218468,0,0,"Non-exposed"
"Woodstock",0,-80.7247692146628,43.1380448117488,0,0,"Non-exposed"
"Portage la Prairie",0,-98.288595548029,49.9702216312607,0,0,"Non-exposed"
"Steinbach",0,-96.6925086195316,49.5303915894384,0,0,"Non-exposed"
"Thompson",0,-97.8489576764028,55.755808020662,0,0,"Non-exposed"
"Winnipeg",0.00643086816720257,-97.0521150555608,49.8828184735489,0.64,1,"Exposed"
"Estevan",0,-103.010116479544,49.130434843525,0,0,"Non-exposed"
"Moose Jaw",0,-105.512292283363,50.440309044104,0,0,"Non-exposed"
"North Battleford",0,-108.437975088365,52.734494623358,0,0,"Non-exposed"
"Prince Albert",0,-105.610004594162,53.2408748680093,0,0,"Non-exposed"
"Regina",0.00643086816720257,-104.61832289601,50.4476958681542,0.64,1,"Exposed"
"Saskatoon",0.00643086816720257,-106.564207241281,52.0987859898221,0.64,1,"Exposed"
"Swift Current",0,-107.853959109411,50.2228512766748,0,0,"Non-exposed"
"Yorkton",0,-102.428760167996,51.2548906549294,0,0,"Non-exposed"
"Brooks",0,-111.891937769001,50.5648527069933,0,0,"Non-exposed"
"Calgary",0.0257234726688103,-114.078581016861,51.1810604202931,2.57,1,"Exposed"
"Camrose",0,-112.83171318655,53.0082352687249,0,0,"Non-exposed"
"Canmore",0,-115.325415860594,51.063639817823,0,0,"Non-exposed"
"Cold Lake",0,-110.1825,54.4642,0,0,"Non-exposed"
"Edmonton",0.0112540192926045,-113.786002564853,53.5139902514741,1.13,1,"Exposed"
"High River",0.00160771704180064,-113.869118160565,50.5834038527349,0.16,1,"Exposed"
"Lacombe",0,-113.727381106855,52.4720599028597,0,0,"Non-exposed"
"Lethbridge",0.00643086816720257,-112.765385488203,49.8426530310442,0.64,1,"Exposed"
"Medicine Hat",0,-110.581953084028,50.0111569973964,0,0,"Non-exposed"
"Red Deer",0.00482315112540193,-113.797353553601,52.281581261065,0.48,1,"Exposed"
"Strathmore",0,-113.396036494548,51.0478901156925,0,0,"Non-exposed"
"Sylvan Lake",0,-114.08895823156,52.3061060467572,0,0,"Non-exposed"
"Wetaskiwin",0,-113.376910203755,52.9723064145749,0,0,"Non-exposed"
"Wood Buffalo",0.00160771704180064,-111.36689082368,57.5227198124007,0.16,1,"Exposed"
"Abbotsford - Mission",0.0498392282958199,-122.307230733777,49.1290731818948,4.98,1,"Exposed"
"Campbell River",0.0241157556270096,-125.591470517444,49.8086066005912,2.41,1,"Exposed"
"Chilliwack",0.0160771704180064,-121.720777514535,49.134795541222,1.61,1,"Exposed"
"Cranbrook",0.00643086816720257,-115.593185253684,49.5055789899772,0.64,1,"Exposed"
"Dawson Creek",0.00160771704180064,-120.419846623331,55.0545335291872,0.16,1,"Exposed"
"Duncan",0.00482315112540193,-123.726512289156,48.8086430365064,0.48,1,"Exposed"
"Fort St. John",0.00803858520900321,-120.778987337114,56.2328888408843,0.8,1,"Exposed"
"Kamloops",0.212218649517685,-120.512503127732,50.8018157611883,21.22,1,"Exposed"
"Kelowna",0.0691318327974277,-119.45383878645,49.9492094871858,6.91,1,"Exposed"
"Nanaimo",0.00643086816720257,-124.234702594203,49.1282244448756,0.64,1,"Exposed"
"Parksville",0.00321543408360129,-124.394174830016,49.3303380853965,0.32,1,"Exposed"
"Penticton",0.0176848874598071,-119.669511331186,49.4669639450767,1.77,1,"Exposed"
"Port Alberni",0.00643086816720257,-125.141780888528,49.3335637155327,0.64,1,"Exposed"
"Powell River",0,-124.294054462274,49.8946699208143,0,0,"Non-exposed"
"Prince George",0.0996784565916399,-121.930807173041,53.9243241507829,9.97,1,"Exposed"
"Prince Rupert",0,-130.027380523323,54.4517339506746,0,0,"Non-exposed"
"Quesnel",0.067524115755627,-122.810112013897,53.0478007829199,6.75,1,"Exposed"
"Salmon Arm",0.0176848874598071,-119.287577296334,50.695967787607,1.77,1,"Exposed"
"Squamish",0.00482315112540193,-123.137436104838,49.7490905033178,0.48,1,"Exposed"
"Terrace",0.00482315112540193,-128.606373015991,54.5558684833221,0.48,1,"Exposed"
"Vancouver",0.173633440514469,-122.840130048236,49.2812686879252,17.36,1,"Exposed"
"Vernon",0.0418006430868167,-119.342843497046,50.3131001902001,4.18,1,"Exposed"
"Victoria",0.0257234726688103,-123.551922811385,48.4654255508364,2.57,1,"Exposed"
"Williams Lake",0,-121.415471894022,52.3748475226013,0,0,"Non-exposed"
"Yellowknife",0,-114.415219006516,62.4724423903909,0,0,"Non-exposed"
"Williams Lake",NA,-121.415471894022,52.3748475226013,NA,NA,"Origin (Williams Lake)"
